{"cameraMode":{"drawMode":0,"name":"Shaded","section":"Shading Mode"},"sceneLighting":false,"audioPlay":false,"sceneViewState":{"showFog":true,"showMaterialUpdate":true,"showSkybox":true,"showFlares":true,"showImageEffects":true,"showParticleSystems":true},"in2DMode":false,"pivot":{"x":65.9327163696289,"y":-67.62577819824219,"z":412.39337158203127},"rotation":{"x":0.10649613291025162,"y":-0.1535666435956955,"z":0.016664311289787294,"w":0.9822563529014587},"size":219.7725830078125,"orthographic":false}