{"cameraMode":{"drawMode":0,"name":"Shaded","section":"Shading Mode"},"sceneLighting":true,"audioPlay":false,"sceneViewState":{"showFog":true,"showMaterialUpdate":false,"showSkybox":false,"showFlares":true,"showImageEffects":true,"showParticleSystems":true},"in2DMode":false,"pivot":{"x":-2.8500001430511476,"y":2.8400001525878908,"z":-11.360000610351563},"rotation":{"x":0.09147040545940399,"y":-0.6168872117996216,"z":0.07251878827810288,"w":0.7783127427101135},"size":12.124356269836426,"orthographic":false}