{"cameraMode":{"drawMode":0,"name":"Shaded","section":"Shading Mode"},"sceneLighting":false,"audioPlay":false,"sceneViewState":{"showFog":true,"showMaterialUpdate":false,"showSkybox":false,"showFlares":true,"showImageEffects":true,"showParticleSystems":true},"in2DMode":false,"pivot":{"x":-5.977047920227051,"y":-1.2571617364883423,"z":1.470536470413208},"rotation":{"x":0.1157674491405487,"y":-0.6091849207878113,"z":0.09024126827716828,"w":0.7793954610824585},"size":7.48433256149292,"orthographic":false}