{"cameraMode":{"drawMode":0,"name":"Shaded","section":"Shading Mode"},"sceneLighting":false,"audioPlay":false,"sceneViewState":{"showFog":true,"showMaterialUpdate":false,"showSkybox":false,"showFlares":true,"showImageEffects":true,"showParticleSystems":true},"in2DMode":false,"pivot":{"x":0.0,"y":-1.4901161193847657e-8,"z":-0.02141766995191574},"rotation":{"x":-0.07994545996189118,"y":0.8179935812950134,"z":-0.1173800677061081,"w":-0.557429313659668},"size":0.4132286012172699,"orthographic":false}