{"cameraMode":{"drawMode":0,"name":"Shaded","section":"Shading Mode"},"sceneLighting":false,"audioPlay":false,"sceneViewState":{"showFog":true,"showMaterialUpdate":true,"showSkybox":false,"showFlares":true,"showImageEffects":true,"showParticleSystems":true},"in2DMode":false,"pivot":{"x":-5.472139358520508,"y":10.842935562133789,"z":-8.535171508789063},"rotation":{"x":-0.2968713045120239,"y":-0.02323325350880623,"z":0.007185487542301416,"w":-0.9546257257461548},"size":0.000017320508050033823,"orthographic":false}