{"cameraMode":{"drawMode":0,"name":"Shaded","section":"Shading Mode"},"sceneLighting":false,"audioPlay":false,"sceneViewState":{"showFog":true,"showMaterialUpdate":false,"showSkybox":false,"showFlares":true,"showImageEffects":true,"showParticleSystems":true},"in2DMode":false,"pivot":{"x":-390.81817626953127,"y":-199.75595092773438,"z":119.85475158691406},"rotation":{"x":0.1599731594324112,"y":0.6215168833732605,"z":-0.13184745609760285,"w":0.755540668964386},"size":513.6873779296875,"orthographic":false}