{"cameraMode":{"drawMode":0,"name":"Shaded","section":"Shading Mode"},"sceneLighting":false,"audioPlay":false,"sceneViewState":{"showFog":true,"showMaterialUpdate":false,"showSkybox":false,"showFlares":true,"showImageEffects":true,"showParticleSystems":true},"in2DMode":false,"pivot":{"x":-1.0757484436035157,"y":0.7354573011398315,"z":0.9171027541160584},"rotation":{"x":0.1266154795885086,"y":-0.8003092408180237,"z":0.1819114238023758,"w":0.5570748448371887},"size":1.7556211948394776,"orthographic":false}