{"cameraMode":{"drawMode":0,"name":"Shaded","section":"Shading Mode"},"sceneLighting":false,"audioPlay":false,"sceneViewState":{"showFog":true,"showMaterialUpdate":false,"showSkybox":false,"showFlares":true,"showImageEffects":true,"showParticleSystems":true},"in2DMode":false,"pivot":{"x":0.0009168684482574463,"y":-0.1784048080444336,"z":0.23253627121448518},"rotation":{"x":0.04903258755803108,"y":-0.543484628200531,"z":0.03184144198894501,"w":0.8373478055000305},"size":0.3964250981807709,"orthographic":false}