{"cameraMode":{"drawMode":0,"name":"Shaded","section":"Shading Mode"},"sceneLighting":false,"audioPlay":false,"sceneViewState":{"showFog":true,"showMaterialUpdate":true,"showSkybox":false,"showFlares":true,"showImageEffects":true,"showParticleSystems":true},"in2DMode":false,"pivot":{"x":30.224477767944337,"y":5.970529079437256,"z":-2.499020576477051},"rotation":{"x":0.09981737285852432,"y":-0.8614518642425537,"z":0.18632973730564118,"w":0.4616521894931793},"size":24.088150024414064,"orthographic":false}